user_input,mood_type,book
I am feeling down recently,mentally,The Subtle Art of Not Giving a F*ck by Mark Manson
I am feeling down lately,socially,The Art of Gathering by Priya Parker
I am feeling down recently,physically,Why We Sleep by Matthew Walker
I am feeling down lately,mentally,The Subtle Art of Not Giving a F*ck by Mark Manson
I am feeling down right now,spiritually,Reclaim Your Heart by Yasmin Mogahed
I am feeling down today,socially,How to Win Friends and Influence People by Dale Carnegie
I am feeling down right now,socially,How to Win Friends and Influence People by Dale Carnegie
I am feeling down,spiritually,The Power of Now by Eckhart Tolle
I am feeling down.,spiritually,Reclaim Your Heart by Yasmin Mogahed
I am feeling down,physically,Spark: The Revolutionary New Science of Exercise and the Brain
I am feeling down today,financially,Rich Dad Poor Dad by Robert Kiyosaki
I am feeling down,socially,How to Win Friends and Influence People by Dale Carnegie
I am feeling down right now,socially,The Art of Gathering by Priya Parker
I am feeling down lately,financially,The Total Money Makeover by Dave Ramsey
I am feeling down right now,mentally,The Subtle Art of Not Giving a F*ck by Mark Manson
I am feeling down today,spiritually,The Power of Now by Eckhart Tolle
I am feeling down today,financially,Rich Dad Poor Dad by Robert Kiyosaki
I am feeling down,physically,Why We Sleep by Matthew Walker
I am feeling down today,mentally,The Subtle Art of Not Giving a F*ck by Mark Manson
I am feeling down lately,socially,How to Win Friends and Influence People by Dale Carnegie
I am feeling down right now,mentally,Atomic Habits by James Clear
I am feeling down lately,physically,Spark: The Revolutionary New Science of Exercise and the Brain
I am feeling down right now,socially,The Art of Gathering by Priya Parker
I am feeling down,socially,The Art of Gathering by Priya Parker
I am feeling down lately,socially,How to Win Friends and Influence People by Dale Carnegie
I am feeling down today,spiritually,The Power of Now by Eckhart Tolle
I am feeling down right now,financially,Rich Dad Poor Dad by Robert Kiyosaki
I am feeling down today,mentally,The Subtle Art of Not Giving a F*ck by Mark Manson
I am feeling down today,socially,How to Win Friends and Influence People by Dale Carnegie
I am feeling down right now,mentally,Atomic Habits by James Clear
I am feeling down today,financially,Rich Dad Poor Dad by Robert Kiyosaki
I am feeling down,financially,The Total Money Makeover by Dave Ramsey
I am feeling down,mentally,The Subtle Art of Not Giving a F*ck by Mark Manson
I am feeling down.,physically,Spark: The Revolutionary New Science of Exercise and the Brain
I am feeling down lately,mentally,The Subtle Art of Not Giving a F*ck by Mark Manson
I am feeling down.,physically,Spark: The Revolutionary New Science of Exercise and the Brain
I am feeling down right now,physically,Spark: The Revolutionary New Science of Exercise and the Brain
I am feeling down.,spiritually,The Power of Now by Eckhart Tolle
I am feeling down right now,financially,Rich Dad Poor Dad by Robert Kiyosaki
I am feeling down.,socially,How to Win Friends and Influence People by Dale Carnegie
I am feeling down,mentally,The Subtle Art of Not Giving a F*ck by Mark Manson
I am feeling down recently,spiritually,The Power of Now by Eckhart Tolle
I am feeling down lately,financially,Rich Dad Poor Dad by Robert Kiyosaki
I am feeling down right now,socially,How to Win Friends and Influence People by Dale Carnegie
I am feeling down recently,physically,Why We Sleep by Matthew Walker
I am feeling down right now,mentally,The Subtle Art of Not Giving a F*ck by Mark Manson
I am feeling down lately,mentally,Atomic Habits by James Clear
I am feeling down today,physically,Spark: The Revolutionary New Science of Exercise and the Brain
I am feeling down recently,physically,Why We Sleep by Matthew Walker
I am feeling down today,spiritually,Reclaim Your Heart by Yasmin Mogahed
I am feeling down.,financially,The Total Money Makeover by Dave Ramsey
I am feeling down.,spiritually,The Power of Now by Eckhart Tolle
I am feeling down today,spiritually,The Power of Now by Eckhart Tolle
I am feeling down.,physically,Spark: The Revolutionary New Science of Exercise and the Brain
I am feeling down today,financially,The Total Money Makeover by Dave Ramsey
I am feeling down today,mentally,The Subtle Art of Not Giving a F*ck by Mark Manson
I am feeling down right now,spiritually,Reclaim Your Heart by Yasmin Mogahed
I am feeling down lately,physically,Spark: The Revolutionary New Science of Exercise and the Brain
I am feeling down right now,financially,The Total Money Makeover by Dave Ramsey
I am feeling down,spiritually,The Power of Now by Eckhart Tolle
I am feeling down,mentally,The Subtle Art of Not Giving a F*ck by Mark Manson
I am feeling down.,mentally,Atomic Habits by James Clear
I am feeling down.,spiritually,The Power of Now by Eckhart Tolle
I am feeling down right now,socially,The Art of Gathering by Priya Parker
I am feeling down today,mentally,The Subtle Art of Not Giving a F*ck by Mark Manson
I am feeling down lately,spiritually,Reclaim Your Heart by Yasmin Mogahed
I am feeling down recently,socially,The Art of Gathering by Priya Parker
I am feeling down today,physically,Spark: The Revolutionary New Science of Exercise and the Brain
I am feeling down right now,mentally,Atomic Habits by James Clear
I am feeling down,financially,Rich Dad Poor Dad by Robert Kiyosaki
I am feeling down,physically,Why We Sleep by Matthew Walker
I am feeling down lately,financially,Rich Dad Poor Dad by Robert Kiyosaki
I am feeling down,spiritually,The Power of Now by Eckhart Tolle
I am feeling down.,mentally,The Subtle Art of Not Giving a F*ck by Mark Manson
I am feeling down today,socially,The Art of Gathering by Priya Parker
I am feeling down.,spiritually,Reclaim Your Heart by Yasmin Mogahed
I am feeling down,spiritually,Reclaim Your Heart by Yasmin Mogahed
I am feeling down recently,physically,Spark: The Revolutionary New Science of Exercise and the Brain
I am feeling down.,physically,Why We Sleep by Matthew Walker
I am feeling down right now,mentally,The Subtle Art of Not Giving a F*ck by Mark Manson
I am feeling down,financially,The Total Money Makeover by Dave Ramsey
I am feeling down today,financially,The Total Money Makeover by Dave Ramsey
I am feeling down today,spiritually,The Power of Now by Eckhart Tolle
I am feeling down,spiritually,The Power of Now by Eckhart Tolle
I am feeling down right now,spiritually,The Power of Now by Eckhart Tolle
I am feeling down lately,socially,The Art of Gathering by Priya Parker
I am feeling down,physically,Spark: The Revolutionary New Science of Exercise and the Brain
I am feeling down,socially,How to Win Friends and Influence People by Dale Carnegie
I am feeling down,physically,Why We Sleep by Matthew Walker
I am feeling down recently,mentally,The Subtle Art of Not Giving a F*ck by Mark Manson
I am feeling down today,socially,The Art of Gathering by Priya Parker
I am feeling down lately,financially,Rich Dad Poor Dad by Robert Kiyosaki
I am feeling down,financially,Rich Dad Poor Dad by Robert Kiyosaki
I am feeling down lately,socially,How to Win Friends and Influence People by Dale Carnegie
I am feeling down right now,physically,Spark: The Revolutionary New Science of Exercise and the Brain
I am feeling down today,physically,Spark: The Revolutionary New Science of Exercise and the Brain
I am feeling down.,socially,How to Win Friends and Influence People by Dale Carnegie
I am feeling down lately,financially,The Total Money Makeover by Dave Ramsey
I am feeling down,physically,Spark: The Revolutionary New Science of Exercise and the Brain
I am feeling down.,financially,The Total Money Makeover by Dave Ramsey
I feel anxious lately,socially,The Art of Gathering by Priya Parker
I feel anxious,spiritually,The Power of Now by Eckhart Tolle
I feel anxious lately,socially,The Art of Gathering by Priya Parker
I feel anxious right now,mentally,Atomic Habits by James Clear
I feel anxious recently,emotionally,Emotional Intelligence by Daniel Goleman
I feel anxious,mentally,Atomic Habits by James Clear
I feel anxious today,emotionally,Emotional Intelligence by Daniel Goleman
I feel anxious today,emotionally,Healing the Shame That Binds You by John Bradshaw
I feel anxious today,emotionally,Emotional Intelligence by Daniel Goleman
I feel anxious lately,socially,The Art of Gathering by Priya Parker
I feel anxious,spiritually,Reclaim Your Heart by Yasmin Mogahed
I feel anxious,emotionally,Healing the Shame That Binds You by John Bradshaw
I feel anxious right now,emotionally,Emotional Intelligence by Daniel Goleman
I feel anxious recently,spiritually,The Power of Now by Eckhart Tolle
I feel anxious today,mentally,The Subtle Art of Not Giving a F*ck by Mark Manson
I feel anxious recently,socially,The Art of Gathering by Priya Parker
I feel anxious lately,emotionally,Healing the Shame That Binds You by John Bradshaw
I feel anxious.,mentally,The Subtle Art of Not Giving a F*ck by Mark Manson
I feel anxious recently,mentally,Atomic Habits by James Clear
I feel anxious lately,emotionally,Emotional Intelligence by Daniel Goleman
I feel anxious,spiritually,Reclaim Your Heart by Yasmin Mogahed
I feel anxious right now,emotionally,Emotional Intelligence by Daniel Goleman
I feel anxious lately,emotionally,Healing the Shame That Binds You by John Bradshaw
I feel anxious recently,mentally,The Subtle Art of Not Giving a F*ck by Mark Manson
I feel anxious.,spiritually,Reclaim Your Heart by Yasmin Mogahed
I feel anxious,socially,The Art of Gathering by Priya Parker
I feel anxious,emotionally,Healing the Shame That Binds You by John Bradshaw
I feel anxious today,socially,The Art of Gathering by Priya Parker
I feel anxious today,mentally,Atomic Habits by James Clear
I feel anxious,emotionally,Emotional Intelligence by Daniel Goleman
I feel anxious right now,mentally,The Subtle Art of Not Giving a F*ck by Mark Manson
I feel anxious lately,mentally,Atomic Habits by James Clear
I feel anxious today,mentally,The Subtle Art of Not Giving a F*ck by Mark Manson
I feel anxious today,emotionally,Emotional Intelligence by Daniel Goleman
I feel anxious today,socially,The Art of Gathering by Priya Parker
I feel anxious,spiritually,Reclaim Your Heart by Yasmin Mogahed
I feel anxious recently,spiritually,Reclaim Your Heart by Yasmin Mogahed
I feel anxious,emotionally,Emotional Intelligence by Daniel Goleman
I feel anxious lately,mentally,Atomic Habits by James Clear
I feel anxious lately,emotionally,Healing the Shame That Binds You by John Bradshaw
I feel anxious lately,emotionally,Healing the Shame That Binds You by John Bradshaw
I feel anxious recently,spiritually,Reclaim Your Heart by Yasmin Mogahed
I feel anxious lately,socially,The Art of Gathering by Priya Parker
I feel anxious.,spiritually,Reclaim Your Heart by Yasmin Mogahed
I feel anxious right now,spiritually,The Power of Now by Eckhart Tolle
I feel anxious recently,socially,How to Win Friends and Influence People by Dale Carnegie
I feel anxious today,spiritually,Reclaim Your Heart by Yasmin Mogahed
I feel anxious lately,emotionally,Healing the Shame That Binds You by John Bradshaw
I feel anxious today,socially,How to Win Friends and Influence People by Dale Carnegie
I feel anxious,emotionally,Healing the Shame That Binds You by John Bradshaw
I feel anxious recently,socially,How to Win Friends and Influence People by Dale Carnegie
I feel anxious right now,mentally,The Subtle Art of Not Giving a F*ck by Mark Manson
I feel anxious lately,spiritually,Reclaim Your Heart by Yasmin Mogahed
I feel anxious,emotionally,Emotional Intelligence by Daniel Goleman
I feel anxious recently,mentally,Atomic Habits by James Clear
I feel anxious right now,emotionally,Emotional Intelligence by Daniel Goleman
I feel anxious today,mentally,The Subtle Art of Not Giving a F*ck by Mark Manson
I feel anxious.,socially,The Art of Gathering by Priya Parker
I feel anxious lately,socially,The Art of Gathering by Priya Parker
I feel anxious recently,mentally,Atomic Habits by James Clear
I feel anxious,emotionally,Healing the Shame That Binds You by John Bradshaw
I feel anxious right now,spiritually,Reclaim Your Heart by Yasmin Mogahed
I feel anxious recently,emotionally,Emotional Intelligence by Daniel Goleman
I feel anxious lately,socially,How to Win Friends and Influence People by Dale Carnegie
I feel anxious today,socially,The Art of Gathering by Priya Parker
I feel anxious today,spiritually,The Power of Now by Eckhart Tolle
I feel anxious right now,spiritually,The Power of Now by Eckhart Tolle
I feel anxious lately,socially,How to Win Friends and Influence People by Dale Carnegie
I feel anxious right now,emotionally,Healing the Shame That Binds You by John Bradshaw
I feel anxious.,spiritually,Reclaim Your Heart by Yasmin Mogahed
I feel anxious right now,emotionally,Healing the Shame That Binds You by John Bradshaw
I feel anxious right now,emotionally,Emotional Intelligence by Daniel Goleman
I feel anxious right now,spiritually,Reclaim Your Heart by Yasmin Mogahed
I feel anxious lately,spiritually,The Power of Now by Eckhart Tolle
I feel anxious,socially,How to Win Friends and Influence People by Dale Carnegie
I feel anxious right now,mentally,The Subtle Art of Not Giving a F*ck by Mark Manson
I feel anxious,emotionally,Healing the Shame That Binds You by John Bradshaw
I feel anxious right now,spiritually,Reclaim Your Heart by Yasmin Mogahed
I feel anxious recently,spiritually,Reclaim Your Heart by Yasmin Mogahed
I feel anxious,socially,How to Win Friends and Influence People by Dale Carnegie
I feel anxious,socially,How to Win Friends and Influence People by Dale Carnegie
I feel anxious.,socially,The Art of Gathering by Priya Parker
I feel anxious today,spiritually,The Power of Now by Eckhart Tolle
I feel anxious.,socially,The Art of Gathering by Priya Parker
I feel anxious right now,spiritually,Reclaim Your Heart by Yasmin Mogahed
I feel anxious right now,mentally,The Subtle Art of Not Giving a F*ck by Mark Manson
I feel anxious right now,mentally,The Subtle Art of Not Giving a F*ck by Mark Manson
I feel anxious right now,spiritually,The Power of Now by Eckhart Tolle
I feel anxious.,mentally,The Subtle Art of Not Giving a F*ck by Mark Manson
I feel anxious today,emotionally,Healing the Shame That Binds You by John Bradshaw
I feel anxious recently,mentally,The Subtle Art of Not Giving a F*ck by Mark Manson
I feel anxious,spiritually,The Power of Now by Eckhart Tolle
I feel anxious lately,mentally,Atomic Habits by James Clear
I feel anxious right now,spiritually,The Power of Now by Eckhart Tolle
I feel anxious lately,emotionally,Emotional Intelligence by Daniel Goleman
I feel anxious lately,mentally,Atomic Habits by James Clear
I feel anxious lately,mentally,Atomic Habits by James Clear
I feel anxious today,socially,The Art of Gathering by Priya Parker
I feel anxious.,socially,The Art of Gathering by Priya Parker
I feel anxious,spiritually,Reclaim Your Heart by Yasmin Mogahed
I am stressed.,physically,Spark: The Revolutionary New Science of Exercise and the Brain
I am stressed right now,mentally,The Subtle Art of Not Giving a F*ck by Mark Manson
I am stressed today,emotionally,Emotional Intelligence by Daniel Goleman
I am stressed lately,emotionally,Healing the Shame That Binds You by John Bradshaw
I am stressed right now,emotionally,Emotional Intelligence by Daniel Goleman
I am stressed right now,emotionally,Healing the Shame That Binds You by John Bradshaw
I am stressed right now,physically,Spark: The Revolutionary New Science of Exercise and the Brain
I am stressed.,mentally,Atomic Habits by James Clear
I am stressed recently,mentally,Atomic Habits by James Clear
I am stressed,emotionally,Emotional Intelligence by Daniel Goleman
I am stressed today,physically,Spark: The Revolutionary New Science of Exercise and the Brain
I am stressed today,mentally,The Subtle Art of Not Giving a F*ck by Mark Manson
I am stressed recently,physically,Why We Sleep by Matthew Walker
I am stressed recently,mentally,Atomic Habits by James Clear
I am stressed.,physically,Why We Sleep by Matthew Walker
I am stressed right now,emotionally,Healing the Shame That Binds You by John Bradshaw
I am stressed lately,mentally,Atomic Habits by James Clear
I am stressed today,emotionally,Healing the Shame That Binds You by John Bradshaw
I am stressed,physically,Spark: The Revolutionary New Science of Exercise and the Brain
I am stressed today,emotionally,Emotional Intelligence by Daniel Goleman
I am stressed today,mentally,The Subtle Art of Not Giving a F*ck by Mark Manson
I am stressed.,mentally,Atomic Habits by James Clear
I am stressed recently,emotionally,Emotional Intelligence by Daniel Goleman
I am stressed today,physically,Why We Sleep by Matthew Walker
I am stressed right now,emotionally,Healing the Shame That Binds You by John Bradshaw
I am stressed right now,physically,Why We Sleep by Matthew Walker
I am stressed right now,physically,Why We Sleep by Matthew Walker
I am stressed,emotionally,Emotional Intelligence by Daniel Goleman
I am stressed,mentally,Atomic Habits by James Clear
I am stressed today,emotionally,Emotional Intelligence by Daniel Goleman
I am stressed lately,emotionally,Healing the Shame That Binds You by John Bradshaw
I am stressed today,mentally,Atomic Habits by James Clear
I am stressed,mentally,The Subtle Art of Not Giving a F*ck by Mark Manson
I am stressed.,mentally,Atomic Habits by James Clear
I am stressed recently,emotionally,Emotional Intelligence by Daniel Goleman
I am stressed right now,mentally,Atomic Habits by James Clear
I am stressed,mentally,Atomic Habits by James Clear
I am stressed right now,physically,Why We Sleep by Matthew Walker
I am stressed recently,physically,Why We Sleep by Matthew Walker
I am stressed lately,physically,Spark: The Revolutionary New Science of Exercise and the Brain
I am stressed lately,physically,Why We Sleep by Matthew Walker
I am stressed right now,emotionally,Emotional Intelligence by Daniel Goleman
I am stressed.,emotionally,Healing the Shame That Binds You by John Bradshaw
I am stressed,physically,Why We Sleep by Matthew Walker
I am stressed lately,mentally,The Subtle Art of Not Giving a F*ck by Mark Manson
I am stressed recently,mentally,The Subtle Art of Not Giving a F*ck by Mark Manson
I am stressed right now,physically,Spark: The Revolutionary New Science of Exercise and the Brain
I am stressed,physically,Why We Sleep by Matthew Walker
I am stressed.,emotionally,Healing the Shame That Binds You by John Bradshaw
I am stressed,physically,Spark: The Revolutionary New Science of Exercise and the Brain
I am stressed lately,physically,Spark: The Revolutionary New Science of Exercise and the Brain
I am stressed lately,emotionally,Emotional Intelligence by Daniel Goleman
I am stressed right now,physically,Spark: The Revolutionary New Science of Exercise and the Brain
I am stressed right now,emotionally,Emotional Intelligence by Daniel Goleman
I am stressed,physically,Why We Sleep by Matthew Walker
I am stressed right now,physically,Spark: The Revolutionary New Science of Exercise and the Brain
I am stressed today,mentally,The Subtle Art of Not Giving a F*ck by Mark Manson
I am stressed,mentally,Atomic Habits by James Clear
I am stressed.,mentally,The Subtle Art of Not Giving a F*ck by Mark Manson
I am stressed,emotionally,Healing the Shame That Binds You by John Bradshaw
I am stressed today,physically,Why We Sleep by Matthew Walker
I am stressed recently,mentally,The Subtle Art of Not Giving a F*ck by Mark Manson
I am stressed recently,emotionally,Emotional Intelligence by Daniel Goleman
I am stressed right now,mentally,Atomic Habits by James Clear
I am stressed lately,mentally,The Subtle Art of Not Giving a F*ck by Mark Manson
I am stressed lately,mentally,The Subtle Art of Not Giving a F*ck by Mark Manson
I am stressed today,mentally,The Subtle Art of Not Giving a F*ck by Mark Manson
I am stressed recently,physically,Spark: The Revolutionary New Science of Exercise and the Brain
I am stressed recently,mentally,The Subtle Art of Not Giving a F*ck by Mark Manson
I am stressed lately,physically,Why We Sleep by Matthew Walker
I am stressed today,mentally,The Subtle Art of Not Giving a F*ck by Mark Manson
I am stressed.,mentally,Atomic Habits by James Clear
I am stressed right now,physically,Spark: The Revolutionary New Science of Exercise and the Brain
I am stressed,mentally,Atomic Habits by James Clear
I am stressed today,emotionally,Emotional Intelligence by Daniel Goleman
I am stressed,emotionally,Healing the Shame That Binds You by John Bradshaw
I am stressed lately,emotionally,Healing the Shame That Binds You by John Bradshaw
I am stressed right now,mentally,Atomic Habits by James Clear
I am stressed right now,mentally,Atomic Habits by James Clear
I am stressed recently,emotionally,Healing the Shame That Binds You by John Bradshaw
I am stressed recently,emotionally,Healing the Shame That Binds You by John Bradshaw
I am stressed right now,physically,Why We Sleep by Matthew Walker
I am stressed recently,physically,Spark: The Revolutionary New Science of Exercise and the Brain
I am stressed.,physically,Spark: The Revolutionary New Science of Exercise and the Brain
I am stressed.,mentally,The Subtle Art of Not Giving a F*ck by Mark Manson
I am stressed lately,physically,Spark: The Revolutionary New Science of Exercise and the Brain
I am stressed recently,mentally,Atomic Habits by James Clear
I am stressed lately,mentally,Atomic Habits by James Clear
I am stressed recently,emotionally,Healing the Shame That Binds You by John Bradshaw
I am stressed,physically,Why We Sleep by Matthew Walker
I am stressed.,emotionally,Emotional Intelligence by Daniel Goleman
I am stressed lately,emotionally,Emotional Intelligence by Daniel Goleman
I am stressed.,emotionally,Healing the Shame That Binds You by John Bradshaw
I am stressed right now,physically,Why We Sleep by Matthew Walker
I am stressed lately,emotionally,Emotional Intelligence by Daniel Goleman
I am stressed,physically,Spark: The Revolutionary New Science of Exercise and the Brain
I am stressed lately,mentally,The Subtle Art of Not Giving a F*ck by Mark Manson
I am stressed lately,mentally,Atomic Habits by James Clear
I am stressed right now,physically,Why We Sleep by Matthew Walker
I am stressed lately,emotionally,Healing the Shame That Binds You by John Bradshaw
I feel lonely today,spiritually,Reclaim Your Heart by Yasmin Mogahed
I feel lonely today,spiritually,The Power of Now by Eckhart Tolle
I feel lonely recently,spiritually,The Power of Now by Eckhart Tolle
I feel lonely lately,spiritually,Reclaim Your Heart by Yasmin Mogahed
I feel lonely right now,emotionally,Healing the Shame That Binds You by John Bradshaw
I feel lonely,socially,How to Win Friends and Influence People by Dale Carnegie
I feel lonely right now,spiritually,The Power of Now by Eckhart Tolle
I feel lonely today,socially,The Art of Gathering by Priya Parker
I feel lonely today,socially,The Art of Gathering by Priya Parker
I feel lonely.,emotionally,Healing the Shame That Binds You by John Bradshaw
I feel lonely recently,emotionally,Emotional Intelligence by Daniel Goleman
I feel lonely lately,socially,The Art of Gathering by Priya Parker
I feel lonely.,socially,The Art of Gathering by Priya Parker
I feel lonely today,emotionally,Healing the Shame That Binds You by John Bradshaw
I feel lonely today,spiritually,The Power of Now by Eckhart Tolle
I feel lonely,emotionally,Emotional Intelligence by Daniel Goleman
I feel lonely.,spiritually,Reclaim Your Heart by Yasmin Mogahed
I feel lonely today,socially,How to Win Friends and Influence People by Dale Carnegie
I feel lonely right now,spiritually,The Power of Now by Eckhart Tolle
I feel lonely.,spiritually,Reclaim Your Heart by Yasmin Mogahed
I feel lonely,emotionally,Emotional Intelligence by Daniel Goleman
I feel lonely today,socially,How to Win Friends and Influence People by Dale Carnegie
I feel lonely,socially,The Art of Gathering by Priya Parker
I feel lonely today,emotionally,Emotional Intelligence by Daniel Goleman
I feel lonely,emotionally,Emotional Intelligence by Daniel Goleman
I feel lonely today,socially,How to Win Friends and Influence People by Dale Carnegie
I feel lonely right now,spiritually,The Power of Now by Eckhart Tolle
I feel lonely right now,socially,How to Win Friends and Influence People by Dale Carnegie
I feel lonely,spiritually,Reclaim Your Heart by Yasmin Mogahed
I feel lonely today,socially,The Art of Gathering by Priya Parker
I feel lonely today,socially,How to Win Friends and Influence People by Dale Carnegie
I feel lonely.,socially,The Art of Gathering by Priya Parker
I feel lonely,spiritually,The Power of Now by Eckhart Tolle
I feel lonely right now,emotionally,Emotional Intelligence by Daniel Goleman
I feel lonely lately,socially,How to Win Friends and Influence People by Dale Carnegie
I feel lonely today,spiritually,Reclaim Your Heart by Yasmin Mogahed
I feel lonely,socially,The Art of Gathering by Priya Parker
I feel lonely lately,socially,The Art of Gathering by Priya Parker
I feel lonely,socially,How to Win Friends and Influence People by Dale Carnegie
I feel lonely lately,socially,How to Win Friends and Influence People by Dale Carnegie
I feel lonely,spiritually,Reclaim Your Heart by Yasmin Mogahed
I feel lonely.,spiritually,Reclaim Your Heart by Yasmin Mogahed
I feel lonely.,socially,How to Win Friends and Influence People by Dale Carnegie
I feel lonely lately,emotionally,Emotional Intelligence by Daniel Goleman
I feel lonely,socially,How to Win Friends and Influence People by Dale Carnegie
I feel lonely today,emotionally,Healing the Shame That Binds You by John Bradshaw
I feel lonely right now,emotionally,Healing the Shame That Binds You by John Bradshaw
I feel lonely right now,emotionally,Healing the Shame That Binds You by John Bradshaw
I feel lonely,socially,The Art of Gathering by Priya Parker
I feel lonely recently,spiritually,The Power of Now by Eckhart Tolle
I feel lonely right now,emotionally,Emotional Intelligence by Daniel Goleman
I feel lonely lately,emotionally,Emotional Intelligence by Daniel Goleman
I feel lonely.,spiritually,Reclaim Your Heart by Yasmin Mogahed
I feel lonely recently,socially,The Art of Gathering by Priya Parker
I feel lonely.,spiritually,Reclaim Your Heart by Yasmin Mogahed
I feel lonely lately,socially,The Art of Gathering by Priya Parker
I feel lonely lately,spiritually,Reclaim Your Heart by Yasmin Mogahed
I feel lonely recently,spiritually,Reclaim Your Heart by Yasmin Mogahed
I feel lonely,emotionally,Emotional Intelligence by Daniel Goleman
I feel lonely right now,spiritually,Reclaim Your Heart by Yasmin Mogahed
I feel lonely today,emotionally,Emotional Intelligence by Daniel Goleman
I feel lonely recently,spiritually,Reclaim Your Heart by Yasmin Mogahed
I feel lonely recently,emotionally,Emotional Intelligence by Daniel Goleman
I feel lonely.,spiritually,The Power of Now by Eckhart Tolle
I feel lonely,spiritually,The Power of Now by Eckhart Tolle
I feel lonely,socially,How to Win Friends and Influence People by Dale Carnegie
I feel lonely lately,socially,The Art of Gathering by Priya Parker
I feel lonely right now,socially,How to Win Friends and Influence People by Dale Carnegie
I feel lonely.,socially,The Art of Gathering by Priya Parker
I feel lonely recently,spiritually,The Power of Now by Eckhart Tolle
I feel lonely.,spiritually,The Power of Now by Eckhart Tolle
I feel lonely recently,socially,The Art of Gathering by Priya Parker
I feel lonely.,spiritually,The Power of Now by Eckhart Tolle
I feel lonely right now,socially,How to Win Friends and Influence People by Dale Carnegie
I feel lonely,socially,How to Win Friends and Influence People by Dale Carnegie
I feel lonely today,emotionally,Emotional Intelligence by Daniel Goleman
I feel lonely right now,emotionally,Healing the Shame That Binds You by John Bradshaw
I feel lonely right now,spiritually,The Power of Now by Eckhart Tolle
I feel lonely lately,emotionally,Healing the Shame That Binds You by John Bradshaw
I feel lonely recently,emotionally,Healing the Shame That Binds You by John Bradshaw
I feel lonely recently,emotionally,Emotional Intelligence by Daniel Goleman
I feel lonely right now,emotionally,Emotional Intelligence by Daniel Goleman
I feel lonely.,spiritually,The Power of Now by Eckhart Tolle
I feel lonely today,spiritually,The Power of Now by Eckhart Tolle
I feel lonely right now,emotionally,Healing the Shame That Binds You by John Bradshaw
I feel lonely today,emotionally,Healing the Shame That Binds You by John Bradshaw
I feel lonely recently,emotionally,Healing the Shame That Binds You by John Bradshaw
I feel lonely right now,emotionally,Healing the Shame That Binds You by John Bradshaw
I feel lonely.,spiritually,Reclaim Your Heart by Yasmin Mogahed
I feel lonely today,socially,The Art of Gathering by Priya Parker
I feel lonely today,spiritually,Reclaim Your Heart by Yasmin Mogahed
I feel lonely recently,emotionally,Healing the Shame That Binds You by John Bradshaw
I feel lonely.,socially,The Art of Gathering by Priya Parker
I feel lonely today,emotionally,Emotional Intelligence by Daniel Goleman
I feel lonely today,emotionally,Healing the Shame That Binds You by John Bradshaw
I feel lonely recently,emotionally,Emotional Intelligence by Daniel Goleman
I feel lonely recently,emotionally,Emotional Intelligence by Daniel Goleman
I feel lonely,spiritually,Reclaim Your Heart by Yasmin Mogahed
I feel lonely today,emotionally,Healing the Shame That Binds You by John Bradshaw
I feel lonely recently,emotionally,Emotional Intelligence by Daniel Goleman
I am tired recently,physically,Why We Sleep by Matthew Walker
I am tired lately,physically,Why We Sleep by Matthew Walker
I am tired lately,mentally,The Subtle Art of Not Giving a F*ck by Mark Manson
I am tired today,physically,Spark: The Revolutionary New Science of Exercise and the Brain
I am tired right now,mentally,Atomic Habits by James Clear
I am tired lately,mentally,Atomic Habits by James Clear
I am tired recently,physically,Why We Sleep by Matthew Walker
I am tired lately,physically,Spark: The Revolutionary New Science of Exercise and the Brain
I am tired lately,physically,Spark: The Revolutionary New Science of Exercise and the Brain
I am tired,mentally,The Subtle Art of Not Giving a F*ck by Mark Manson
I am tired.,mentally,Atomic Habits by James Clear
I am tired,physically,Why We Sleep by Matthew Walker
I am tired lately,mentally,Atomic Habits by James Clear
I am tired,mentally,The Subtle Art of Not Giving a F*ck by Mark Manson
I am tired right now,physically,Why We Sleep by Matthew Walker
I am tired,mentally,Atomic Habits by James Clear
I am tired,mentally,The Subtle Art of Not Giving a F*ck by Mark Manson
I am tired recently,mentally,Atomic Habits by James Clear
I am tired today,mentally,Atomic Habits by James Clear
I am tired,mentally,Atomic Habits by James Clear
I am tired right now,mentally,The Subtle Art of Not Giving a F*ck by Mark Manson
I am tired today,mentally,Atomic Habits by James Clear
I am tired lately,physically,Spark: The Revolutionary New Science of Exercise and the Brain
I am tired.,mentally,The Subtle Art of Not Giving a F*ck by Mark Manson
I am tired.,physically,Spark: The Revolutionary New Science of Exercise and the Brain
I am tired lately,physically,Spark: The Revolutionary New Science of Exercise and the Brain
I am tired,mentally,Atomic Habits by James Clear
I am tired today,physically,Spark: The Revolutionary New Science of Exercise and the Brain
I am tired.,physically,Why We Sleep by Matthew Walker
I am tired today,mentally,Atomic Habits by James Clear
I am tired.,physically,Spark: The Revolutionary New Science of Exercise and the Brain
I am tired.,physically,Why We Sleep by Matthew Walker
I am tired right now,physically,Spark: The Revolutionary New Science of Exercise and the Brain
I am tired today,mentally,Atomic Habits by James Clear
I am tired,physically,Spark: The Revolutionary New Science of Exercise and the Brain
I am tired right now,physically,Spark: The Revolutionary New Science of Exercise and the Brain
I am tired recently,mentally,The Subtle Art of Not Giving a F*ck by Mark Manson
I am tired.,physically,Spark: The Revolutionary New Science of Exercise and the Brain
I am tired recently,mentally,The Subtle Art of Not Giving a F*ck by Mark Manson
I am tired lately,mentally,Atomic Habits by James Clear
I am tired.,mentally,The Subtle Art of Not Giving a F*ck by Mark Manson
I am tired recently,mentally,Atomic Habits by James Clear
I am tired lately,mentally,Atomic Habits by James Clear
I am tired recently,physically,Spark: The Revolutionary New Science of Exercise and the Brain
I am tired right now,physically,Spark: The Revolutionary New Science of Exercise and the Brain
I am tired today,mentally,The Subtle Art of Not Giving a F*ck by Mark Manson
I am tired.,mentally,The Subtle Art of Not Giving a F*ck by Mark Manson
I am tired recently,mentally,The Subtle Art of Not Giving a F*ck by Mark Manson
I am tired right now,mentally,The Subtle Art of Not Giving a F*ck by Mark Manson
I am tired,mentally,The Subtle Art of Not Giving a F*ck by Mark Manson
I am tired,physically,Spark: The Revolutionary New Science of Exercise and the Brain
I am tired lately,physically,Spark: The Revolutionary New Science of Exercise and the Brain
I am tired lately,physically,Why We Sleep by Matthew Walker
I am tired recently,mentally,The Subtle Art of Not Giving a F*ck by Mark Manson
I am tired,physically,Spark: The Revolutionary New Science of Exercise and the Brain
I am tired,mentally,The Subtle Art of Not Giving a F*ck by Mark Manson
I am tired right now,mentally,The Subtle Art of Not Giving a F*ck by Mark Manson
I am tired lately,physically,Spark: The Revolutionary New Science of Exercise and the Brain
I am tired recently,mentally,Atomic Habits by James Clear
I am tired,physically,Why We Sleep by Matthew Walker
I am tired,physically,Why We Sleep by Matthew Walker
I am tired recently,physically,Spark: The Revolutionary New Science of Exercise and the Brain
I am tired,physically,Spark: The Revolutionary New Science of Exercise and the Brain
I am tired,physically,Spark: The Revolutionary New Science of Exercise and the Brain
I am tired.,physically,Spark: The Revolutionary New Science of Exercise and the Brain
I am tired today,physically,Spark: The Revolutionary New Science of Exercise and the Brain
I am tired,mentally,The Subtle Art of Not Giving a F*ck by Mark Manson
I am tired right now,physically,Why We Sleep by Matthew Walker
I am tired.,physically,Why We Sleep by Matthew Walker
I am tired,physically,Why We Sleep by Matthew Walker
I am tired lately,physically,Spark: The Revolutionary New Science of Exercise and the Brain
I am tired lately,mentally,Atomic Habits by James Clear
I am tired,mentally,Atomic Habits by James Clear
I am tired today,mentally,The Subtle Art of Not Giving a F*ck by Mark Manson
I am tired recently,mentally,The Subtle Art of Not Giving a F*ck by Mark Manson
I am tired,physically,Why We Sleep by Matthew Walker
I am tired recently,mentally,Atomic Habits by James Clear
I am tired recently,mentally,Atomic Habits by James Clear
I am tired,mentally,Atomic Habits by James Clear
I am tired recently,physically,Spark: The Revolutionary New Science of Exercise and the Brain
I am tired.,physically,Why We Sleep by Matthew Walker
I am tired.,physically,Spark: The Revolutionary New Science of Exercise and the Brain
I am tired,mentally,The Subtle Art of Not Giving a F*ck by Mark Manson
I am tired right now,physically,Spark: The Revolutionary New Science of Exercise and the Brain
I am tired today,physically,Spark: The Revolutionary New Science of Exercise and the Brain
I am tired,mentally,The Subtle Art of Not Giving a F*ck by Mark Manson
I am tired.,physically,Spark: The Revolutionary New Science of Exercise and the Brain
I am tired recently,mentally,Atomic Habits by James Clear
I am tired today,mentally,The Subtle Art of Not Giving a F*ck by Mark Manson
I am tired today,physically,Spark: The Revolutionary New Science of Exercise and the Brain
I am tired right now,mentally,The Subtle Art of Not Giving a F*ck by Mark Manson
I am tired lately,mentally,The Subtle Art of Not Giving a F*ck by Mark Manson
I am tired recently,mentally,Atomic Habits by James Clear
I am tired lately,physically,Spark: The Revolutionary New Science of Exercise and the Brain
I am tired today,physically,Spark: The Revolutionary New Science of Exercise and the Brain
I am tired today,mentally,The Subtle Art of Not Giving a F*ck by Mark Manson
I am tired lately,physically,Spark: The Revolutionary New Science of Exercise and the Brain
I am tired today,physically,Spark: The Revolutionary New Science of Exercise and the Brain
I am tired right now,mentally,The Subtle Art of Not Giving a F*ck by Mark Manson
I am tired,mentally,The Subtle Art of Not Giving a F*ck by Mark Manson
I feel hopeless,mentally,Atomic Habits by James Clear
I feel hopeless lately,mentally,The Subtle Art of Not Giving a F*ck by Mark Manson
I feel hopeless,mentally,Atomic Habits by James Clear
I feel hopeless recently,spiritually,The Power of Now by Eckhart Tolle
I feel hopeless right now,spiritually,The Power of Now by Eckhart Tolle
I feel hopeless right now,spiritually,Reclaim Your Heart by Yasmin Mogahed
I feel hopeless today,emotionally,Emotional Intelligence by Daniel Goleman
I feel hopeless.,spiritually,The Power of Now by Eckhart Tolle
I feel hopeless today,spiritually,The Power of Now by Eckhart Tolle
I feel hopeless recently,emotionally,Healing the Shame That Binds You by John Bradshaw
I feel hopeless lately,mentally,The Subtle Art of Not Giving a F*ck by Mark Manson
I feel hopeless.,mentally,The Subtle Art of Not Giving a F*ck by Mark Manson
I feel hopeless.,spiritually,The Power of Now by Eckhart Tolle
I feel hopeless,mentally,Atomic Habits by James Clear
I feel hopeless lately,mentally,Atomic Habits by James Clear
I feel hopeless today,spiritually,The Power of Now by Eckhart Tolle
I feel hopeless.,spiritually,The Power of Now by Eckhart Tolle
I feel hopeless,mentally,Atomic Habits by James Clear
I feel hopeless right now,emotionally,Healing the Shame That Binds You by John Bradshaw
I feel hopeless recently,spiritually,The Power of Now by Eckhart Tolle
I feel hopeless today,spiritually,Reclaim Your Heart by Yasmin Mogahed
I feel hopeless.,emotionally,Emotional Intelligence by Daniel Goleman
I feel hopeless,spiritually,Reclaim Your Heart by Yasmin Mogahed
I feel hopeless today,emotionally,Healing the Shame That Binds You by John Bradshaw
I feel hopeless right now,emotionally,Healing the Shame That Binds You by John Bradshaw
I feel hopeless recently,spiritually,Reclaim Your Heart by Yasmin Mogahed
I feel hopeless.,spiritually,Reclaim Your Heart by Yasmin Mogahed
I feel hopeless lately,emotionally,Emotional Intelligence by Daniel Goleman
I feel hopeless,emotionally,Healing the Shame That Binds You by John Bradshaw
I feel hopeless today,emotionally,Healing the Shame That Binds You by John Bradshaw
I feel hopeless today,spiritually,Reclaim Your Heart by Yasmin Mogahed
I feel hopeless.,emotionally,Emotional Intelligence by Daniel Goleman
I feel hopeless.,emotionally,Healing the Shame That Binds You by John Bradshaw
I feel hopeless.,spiritually,The Power of Now by Eckhart Tolle
I feel hopeless right now,mentally,Atomic Habits by James Clear
I feel hopeless today,spiritually,Reclaim Your Heart by Yasmin Mogahed
I feel hopeless today,emotionally,Emotional Intelligence by Daniel Goleman
I feel hopeless lately,emotionally,Emotional Intelligence by Daniel Goleman
I feel hopeless lately,spiritually,Reclaim Your Heart by Yasmin Mogahed
I feel hopeless right now,mentally,Atomic Habits by James Clear
I feel hopeless recently,spiritually,Reclaim Your Heart by Yasmin Mogahed
I feel hopeless lately,mentally,The Subtle Art of Not Giving a F*ck by Mark Manson
I feel hopeless,spiritually,The Power of Now by Eckhart Tolle
I feel hopeless right now,spiritually,The Power of Now by Eckhart Tolle
I feel hopeless,mentally,Atomic Habits by James Clear
I feel hopeless right now,mentally,The Subtle Art of Not Giving a F*ck by Mark Manson
I feel hopeless right now,emotionally,Emotional Intelligence by Daniel Goleman
I feel hopeless right now,emotionally,Emotional Intelligence by Daniel Goleman
I feel hopeless lately,spiritually,Reclaim Your Heart by Yasmin Mogahed
I feel hopeless today,spiritually,The Power of Now by Eckhart Tolle
I feel hopeless.,emotionally,Emotional Intelligence by Daniel Goleman
I feel hopeless,mentally,The Subtle Art of Not Giving a F*ck by Mark Manson
I feel hopeless today,emotionally,Emotional Intelligence by Daniel Goleman
I feel hopeless recently,mentally,Atomic Habits by James Clear
I feel hopeless.,emotionally,Emotional Intelligence by Daniel Goleman
I feel hopeless.,emotionally,Emotional Intelligence by Daniel Goleman
I feel hopeless.,emotionally,Healing the Shame That Binds You by John Bradshaw
I feel hopeless today,spiritually,The Power of Now by Eckhart Tolle
I feel hopeless,emotionally,Healing the Shame That Binds You by John Bradshaw
I feel hopeless today,mentally,Atomic Habits by James Clear
I feel hopeless right now,emotionally,Healing the Shame That Binds You by John Bradshaw
I feel hopeless,spiritually,Reclaim Your Heart by Yasmin Mogahed
I feel hopeless today,mentally,Atomic Habits by James Clear
I feel hopeless,emotionally,Emotional Intelligence by Daniel Goleman
I feel hopeless.,spiritually,The Power of Now by Eckhart Tolle
I feel hopeless right now,emotionally,Healing the Shame That Binds You by John Bradshaw
I feel hopeless lately,emotionally,Healing the Shame That Binds You by John Bradshaw
I feel hopeless right now,mentally,Atomic Habits by James Clear
I feel hopeless right now,emotionally,Healing the Shame That Binds You by John Bradshaw
I feel hopeless.,spiritually,The Power of Now by Eckhart Tolle
I feel hopeless today,mentally,Atomic Habits by James Clear
I feel hopeless lately,spiritually,Reclaim Your Heart by Yasmin Mogahed
I feel hopeless right now,spiritually,The Power of Now by Eckhart Tolle
I feel hopeless.,emotionally,Emotional Intelligence by Daniel Goleman
I feel hopeless today,emotionally,Emotional Intelligence by Daniel Goleman
I feel hopeless lately,emotionally,Emotional Intelligence by Daniel Goleman
I feel hopeless today,spiritually,The Power of Now by Eckhart Tolle
I feel hopeless recently,mentally,The Subtle Art of Not Giving a F*ck by Mark Manson
I feel hopeless today,emotionally,Healing the Shame That Binds You by John Bradshaw
I feel hopeless.,mentally,Atomic Habits by James Clear
I feel hopeless right now,emotionally,Healing the Shame That Binds You by John Bradshaw
I feel hopeless right now,emotionally,Healing the Shame That Binds You by John Bradshaw
I feel hopeless,emotionally,Emotional Intelligence by Daniel Goleman
I feel hopeless recently,spiritually,The Power of Now by Eckhart Tolle
I feel hopeless,emotionally,Emotional Intelligence by Daniel Goleman
I feel hopeless today,spiritually,Reclaim Your Heart by Yasmin Mogahed
I feel hopeless recently,emotionally,Emotional Intelligence by Daniel Goleman
I feel hopeless.,emotionally,Healing the Shame That Binds You by John Bradshaw
I feel hopeless,mentally,The Subtle Art of Not Giving a F*ck by Mark Manson
I feel hopeless today,emotionally,Healing the Shame That Binds You by John Bradshaw
I feel hopeless.,emotionally,Emotional Intelligence by Daniel Goleman
I feel hopeless lately,spiritually,Reclaim Your Heart by Yasmin Mogahed
I feel hopeless,emotionally,Healing the Shame That Binds You by John Bradshaw
I feel hopeless today,emotionally,Emotional Intelligence by Daniel Goleman
I feel hopeless right now,mentally,Atomic Habits by James Clear
I feel hopeless right now,mentally,Atomic Habits by James Clear
I feel hopeless today,spiritually,The Power of Now by Eckhart Tolle
I feel hopeless,emotionally,Emotional Intelligence by Daniel Goleman
I feel hopeless today,emotionally,Emotional Intelligence by Daniel Goleman
I feel hopeless.,spiritually,Reclaim Your Heart by Yasmin Mogahed
I feel broken lately,mentally,The Subtle Art of Not Giving a F*ck by Mark Manson
I feel broken lately,mentally,Atomic Habits by James Clear
I feel broken today,spiritually,Reclaim Your Heart by Yasmin Mogahed
I feel broken.,emotionally,Healing the Shame That Binds You by John Bradshaw
I feel broken recently,emotionally,Emotional Intelligence by Daniel Goleman
I feel broken,emotionally,Emotional Intelligence by Daniel Goleman
I feel broken lately,mentally,Atomic Habits by James Clear
I feel broken.,emotionally,Healing the Shame That Binds You by John Bradshaw
I feel broken recently,spiritually,The Power of Now by Eckhart Tolle
I feel broken.,spiritually,Reclaim Your Heart by Yasmin Mogahed
I feel broken.,mentally,The Subtle Art of Not Giving a F*ck by Mark Manson
I feel broken.,emotionally,Healing the Shame That Binds You by John Bradshaw
I feel broken,mentally,The Subtle Art of Not Giving a F*ck by Mark Manson
I feel broken,mentally,Atomic Habits by James Clear
I feel broken,emotionally,Emotional Intelligence by Daniel Goleman
I feel broken,emotionally,Healing the Shame That Binds You by John Bradshaw
I feel broken recently,spiritually,The Power of Now by Eckhart Tolle
I feel broken lately,mentally,Atomic Habits by James Clear
I feel broken.,spiritually,Reclaim Your Heart by Yasmin Mogahed
I feel broken.,emotionally,Emotional Intelligence by Daniel Goleman
I feel broken,emotionally,Healing the Shame That Binds You by John Bradshaw
I feel broken.,spiritually,The Power of Now by Eckhart Tolle
I feel broken recently,emotionally,Emotional Intelligence by Daniel Goleman
I feel broken right now,mentally,Atomic Habits by James Clear
I feel broken right now,spiritually,The Power of Now by Eckhart Tolle
I feel broken,mentally,The Subtle Art of Not Giving a F*ck by Mark Manson
I feel broken right now,spiritually,Reclaim Your Heart by Yasmin Mogahed
I feel broken,spiritually,The Power of Now by Eckhart Tolle
I feel broken lately,mentally,The Subtle Art of Not Giving a F*ck by Mark Manson
I feel broken right now,emotionally,Healing the Shame That Binds You by John Bradshaw
I feel broken.,emotionally,Emotional Intelligence by Daniel Goleman
I feel broken,mentally,The Subtle Art of Not Giving a F*ck by Mark Manson
I feel broken lately,emotionally,Emotional Intelligence by Daniel Goleman
I feel broken today,spiritually,Reclaim Your Heart by Yasmin Mogahed
I feel broken.,emotionally,Healing the Shame That Binds You by John Bradshaw
I feel broken lately,mentally,The Subtle Art of Not Giving a F*ck by Mark Manson
I feel broken today,emotionally,Healing the Shame That Binds You by John Bradshaw
I feel broken lately,mentally,Atomic Habits by James Clear
I feel broken lately,spiritually,The Power of Now by Eckhart Tolle
I feel broken today,spiritually,Reclaim Your Heart by Yasmin Mogahed
I feel broken,emotionally,Healing the Shame That Binds You by John Bradshaw
I feel broken lately,spiritually,Reclaim Your Heart by Yasmin Mogahed
I feel broken lately,emotionally,Healing the Shame That Binds You by John Bradshaw
I feel broken right now,mentally,The Subtle Art of Not Giving a F*ck by Mark Manson
I feel broken recently,emotionally,Healing the Shame That Binds You by John Bradshaw
I feel broken lately,emotionally,Healing the Shame That Binds You by John Bradshaw
I feel broken.,spiritually,The Power of Now by Eckhart Tolle
I feel broken.,spiritually,Reclaim Your Heart by Yasmin Mogahed
I feel broken,mentally,The Subtle Art of Not Giving a F*ck by Mark Manson
I feel broken.,spiritually,Reclaim Your Heart by Yasmin Mogahed
I feel broken lately,emotionally,Emotional Intelligence by Daniel Goleman
I feel broken.,emotionally,Healing the Shame That Binds You by John Bradshaw
I feel broken.,mentally,The Subtle Art of Not Giving a F*ck by Mark Manson
I feel broken recently,mentally,Atomic Habits by James Clear
I feel broken,spiritually,Reclaim Your Heart by Yasmin Mogahed
I feel broken recently,spiritually,Reclaim Your Heart by Yasmin Mogahed
I feel broken today,spiritually,The Power of Now by Eckhart Tolle
I feel broken.,mentally,Atomic Habits by James Clear
I feel broken today,emotionally,Healing the Shame That Binds You by John Bradshaw
I feel broken today,spiritually,The Power of Now by Eckhart Tolle
I feel broken recently,mentally,The Subtle Art of Not Giving a F*ck by Mark Manson
I feel broken right now,mentally,The Subtle Art of Not Giving a F*ck by Mark Manson
I feel broken right now,mentally,The Subtle Art of Not Giving a F*ck by Mark Manson
I feel broken today,spiritually,Reclaim Your Heart by Yasmin Mogahed
I feel broken recently,spiritually,The Power of Now by Eckhart Tolle
I feel broken recently,mentally,Atomic Habits by James Clear
I feel broken today,emotionally,Emotional Intelligence by Daniel Goleman
I feel broken lately,spiritually,The Power of Now by Eckhart Tolle
I feel broken right now,mentally,Atomic Habits by James Clear
I feel broken right now,spiritually,The Power of Now by Eckhart Tolle
I feel broken recently,mentally,The Subtle Art of Not Giving a F*ck by Mark Manson
I feel broken.,spiritually,Reclaim Your Heart by Yasmin Mogahed
I feel broken lately,emotionally,Healing the Shame That Binds You by John Bradshaw
I feel broken,mentally,The Subtle Art of Not Giving a F*ck by Mark Manson
I feel broken recently,spiritually,The Power of Now by Eckhart Tolle
I feel broken recently,spiritually,The Power of Now by Eckhart Tolle
I feel broken lately,mentally,The Subtle Art of Not Giving a F*ck by Mark Manson
I feel broken recently,emotionally,Emotional Intelligence by Daniel Goleman
I feel broken lately,mentally,Atomic Habits by James Clear
I feel broken today,emotionally,Healing the Shame That Binds You by John Bradshaw
I feel broken right now,mentally,The Subtle Art of Not Giving a F*ck by Mark Manson
I feel broken,emotionally,Healing the Shame That Binds You by John Bradshaw
I feel broken recently,emotionally,Healing the Shame That Binds You by John Bradshaw
I feel broken right now,spiritually,Reclaim Your Heart by Yasmin Mogahed
I feel broken.,spiritually,The Power of Now by Eckhart Tolle
I feel broken.,mentally,Atomic Habits by James Clear
I feel broken recently,mentally,The Subtle Art of Not Giving a F*ck by Mark Manson
I feel broken.,spiritually,Reclaim Your Heart by Yasmin Mogahed
I feel broken today,mentally,The Subtle Art of Not Giving a F*ck by Mark Manson
I feel broken today,spiritually,The Power of Now by Eckhart Tolle
I feel broken lately,emotionally,Healing the Shame That Binds You by John Bradshaw
I feel broken right now,mentally,Atomic Habits by James Clear
I feel broken,spiritually,The Power of Now by Eckhart Tolle
I feel broken lately,spiritually,Reclaim Your Heart by Yasmin Mogahed
I feel broken recently,spiritually,Reclaim Your Heart by Yasmin Mogahed
I feel broken recently,spiritually,Reclaim Your Heart by Yasmin Mogahed
I feel broken today,mentally,The Subtle Art of Not Giving a F*ck by Mark Manson
I feel broken right now,mentally,Atomic Habits by James Clear
I feel broken lately,spiritually,The Power of Now by Eckhart Tolle
I feel broken today,spiritually,The Power of Now by Eckhart Tolle
I'm worried about money,financially,Rich Dad Poor Dad by Robert Kiyosaki
I'm worried about money.,financially,The Total Money Makeover by Dave Ramsey
I'm worried about money lately,financially,The Total Money Makeover by Dave Ramsey
I'm worried about money right now,financially,Rich Dad Poor Dad by Robert Kiyosaki
I'm worried about money.,financially,The Total Money Makeover by Dave Ramsey
I'm worried about money lately,financially,The Total Money Makeover by Dave Ramsey
I'm worried about money,financially,The Total Money Makeover by Dave Ramsey
I'm worried about money,financially,Rich Dad Poor Dad by Robert Kiyosaki
I'm worried about money lately,financially,The Total Money Makeover by Dave Ramsey
I'm worried about money recently,financially,The Total Money Makeover by Dave Ramsey
I'm worried about money recently,financially,The Total Money Makeover by Dave Ramsey
I'm worried about money today,financially,Rich Dad Poor Dad by Robert Kiyosaki
I'm worried about money today,financially,Rich Dad Poor Dad by Robert Kiyosaki
I'm worried about money,financially,The Total Money Makeover by Dave Ramsey
I'm worried about money lately,financially,Rich Dad Poor Dad by Robert Kiyosaki
I'm worried about money,financially,Rich Dad Poor Dad by Robert Kiyosaki
I'm worried about money recently,financially,The Total Money Makeover by Dave Ramsey
I'm worried about money today,financially,Rich Dad Poor Dad by Robert Kiyosaki
I'm worried about money recently,financially,Rich Dad Poor Dad by Robert Kiyosaki
I'm worried about money lately,financially,Rich Dad Poor Dad by Robert Kiyosaki
I'm worried about money recently,financially,The Total Money Makeover by Dave Ramsey
I'm worried about money lately,financially,The Total Money Makeover by Dave Ramsey
I'm worried about money lately,financially,The Total Money Makeover by Dave Ramsey
I'm worried about money recently,financially,Rich Dad Poor Dad by Robert Kiyosaki
I'm worried about money right now,financially,Rich Dad Poor Dad by Robert Kiyosaki
I'm worried about money.,financially,Rich Dad Poor Dad by Robert Kiyosaki
I'm worried about money today,financially,The Total Money Makeover by Dave Ramsey
I'm worried about money recently,financially,Rich Dad Poor Dad by Robert Kiyosaki
I'm worried about money lately,financially,Rich Dad Poor Dad by Robert Kiyosaki
I'm worried about money today,financially,Rich Dad Poor Dad by Robert Kiyosaki
I'm worried about money recently,financially,The Total Money Makeover by Dave Ramsey
I'm worried about money lately,financially,The Total Money Makeover by Dave Ramsey
I'm worried about money.,financially,The Total Money Makeover by Dave Ramsey
I'm worried about money today,financially,The Total Money Makeover by Dave Ramsey
I'm worried about money recently,financially,The Total Money Makeover by Dave Ramsey
I'm worried about money lately,financially,Rich Dad Poor Dad by Robert Kiyosaki
I'm worried about money lately,financially,Rich Dad Poor Dad by Robert Kiyosaki
I'm worried about money.,financially,Rich Dad Poor Dad by Robert Kiyosaki
I'm worried about money right now,financially,Rich Dad Poor Dad by Robert Kiyosaki
I'm worried about money recently,financially,The Total Money Makeover by Dave Ramsey
I'm worried about money,financially,The Total Money Makeover by Dave Ramsey
I'm worried about money right now,financially,The Total Money Makeover by Dave Ramsey
I'm worried about money right now,financially,The Total Money Makeover by Dave Ramsey
I'm worried about money recently,financially,The Total Money Makeover by Dave Ramsey
I'm worried about money recently,financially,The Total Money Makeover by Dave Ramsey
I'm worried about money today,financially,Rich Dad Poor Dad by Robert Kiyosaki
I'm worried about money.,financially,Rich Dad Poor Dad by Robert Kiyosaki
I'm worried about money today,financially,Rich Dad Poor Dad by Robert Kiyosaki
I'm worried about money lately,financially,Rich Dad Poor Dad by Robert Kiyosaki
I'm worried about money,financially,The Total Money Makeover by Dave Ramsey
I'm worried about money.,financially,The Total Money Makeover by Dave Ramsey
I'm worried about money,financially,Rich Dad Poor Dad by Robert Kiyosaki
I'm worried about money,financially,The Total Money Makeover by Dave Ramsey
I'm worried about money right now,financially,Rich Dad Poor Dad by Robert Kiyosaki
I'm worried about money recently,financially,The Total Money Makeover by Dave Ramsey
I'm worried about money right now,financially,The Total Money Makeover by Dave Ramsey
I'm worried about money,financially,Rich Dad Poor Dad by Robert Kiyosaki
I'm worried about money.,financially,Rich Dad Poor Dad by Robert Kiyosaki
I'm worried about money today,financially,The Total Money Makeover by Dave Ramsey
I'm worried about money right now,financially,The Total Money Makeover by Dave Ramsey
I'm worried about money right now,financially,The Total Money Makeover by Dave Ramsey
I'm worried about money,financially,The Total Money Makeover by Dave Ramsey
I'm worried about money lately,financially,The Total Money Makeover by Dave Ramsey
I'm worried about money recently,financially,The Total Money Makeover by Dave Ramsey
I'm worried about money recently,financially,Rich Dad Poor Dad by Robert Kiyosaki
I'm worried about money right now,financially,Rich Dad Poor Dad by Robert Kiyosaki
I'm worried about money,financially,The Total Money Makeover by Dave Ramsey
I'm worried about money recently,financially,Rich Dad Poor Dad by Robert Kiyosaki
I'm worried about money lately,financially,Rich Dad Poor Dad by Robert Kiyosaki
I'm worried about money today,financially,Rich Dad Poor Dad by Robert Kiyosaki
I'm worried about money.,financially,Rich Dad Poor Dad by Robert Kiyosaki
I'm worried about money lately,financially,The Total Money Makeover by Dave Ramsey
I'm worried about money recently,financially,Rich Dad Poor Dad by Robert Kiyosaki
I'm worried about money right now,financially,The Total Money Makeover by Dave Ramsey
I'm worried about money recently,financially,Rich Dad Poor Dad by Robert Kiyosaki
I'm worried about money.,financially,Rich Dad Poor Dad by Robert Kiyosaki
I'm worried about money right now,financially,Rich Dad Poor Dad by Robert Kiyosaki
I'm worried about money recently,financially,The Total Money Makeover by Dave Ramsey
I'm worried about money recently,financially,The Total Money Makeover by Dave Ramsey
I'm worried about money lately,financially,The Total Money Makeover by Dave Ramsey
I'm worried about money right now,financially,The Total Money Makeover by Dave Ramsey
I'm worried about money.,financially,The Total Money Makeover by Dave Ramsey
I'm worried about money.,financially,Rich Dad Poor Dad by Robert Kiyosaki
I'm worried about money.,financially,The Total Money Makeover by Dave Ramsey
I'm worried about money lately,financially,The Total Money Makeover by Dave Ramsey
I'm worried about money today,financially,Rich Dad Poor Dad by Robert Kiyosaki
I'm worried about money.,financially,Rich Dad Poor Dad by Robert Kiyosaki
I'm worried about money right now,financially,Rich Dad Poor Dad by Robert Kiyosaki
I'm worried about money right now,financially,Rich Dad Poor Dad by Robert Kiyosaki
I'm worried about money lately,financially,The Total Money Makeover by Dave Ramsey
I'm worried about money today,financially,The Total Money Makeover by Dave Ramsey
I'm worried about money today,financially,The Total Money Makeover by Dave Ramsey
I'm worried about money lately,financially,The Total Money Makeover by Dave Ramsey
I'm worried about money today,financially,The Total Money Makeover by Dave Ramsey
I'm worried about money lately,financially,Rich Dad Poor Dad by Robert Kiyosaki
I'm worried about money,financially,Rich Dad Poor Dad by Robert Kiyosaki
I'm worried about money.,financially,The Total Money Makeover by Dave Ramsey
I'm worried about money right now,financially,The Total Money Makeover by Dave Ramsey
I'm worried about money recently,financially,The Total Money Makeover by Dave Ramsey
I'm worried about money,financially,Rich Dad Poor Dad by Robert Kiyosaki
I feel disconnected today,socially,How to Win Friends and Influence People by Dale Carnegie
I feel disconnected recently,socially,The Art of Gathering by Priya Parker
I feel disconnected.,spiritually,Reclaim Your Heart by Yasmin Mogahed
I feel disconnected recently,spiritually,The Power of Now by Eckhart Tolle
I feel disconnected.,spiritually,The Power of Now by Eckhart Tolle
I feel disconnected.,spiritually,Reclaim Your Heart by Yasmin Mogahed
I feel disconnected recently,socially,The Art of Gathering by Priya Parker
I feel disconnected right now,spiritually,The Power of Now by Eckhart Tolle
I feel disconnected,socially,How to Win Friends and Influence People by Dale Carnegie
I feel disconnected,socially,How to Win Friends and Influence People by Dale Carnegie
I feel disconnected,socially,The Art of Gathering by Priya Parker
I feel disconnected.,socially,How to Win Friends and Influence People by Dale Carnegie
I feel disconnected today,socially,How to Win Friends and Influence People by Dale Carnegie
I feel disconnected lately,spiritually,The Power of Now by Eckhart Tolle
I feel disconnected,socially,How to Win Friends and Influence People by Dale Carnegie
I feel disconnected recently,socially,How to Win Friends and Influence People by Dale Carnegie
I feel disconnected,socially,How to Win Friends and Influence People by Dale Carnegie
I feel disconnected today,spiritually,The Power of Now by Eckhart Tolle
I feel disconnected recently,socially,How to Win Friends and Influence People by Dale Carnegie
I feel disconnected.,spiritually,The Power of Now by Eckhart Tolle
I feel disconnected right now,spiritually,Reclaim Your Heart by Yasmin Mogahed
I feel disconnected lately,socially,How to Win Friends and Influence People by Dale Carnegie
I feel disconnected,socially,How to Win Friends and Influence People by Dale Carnegie
I feel disconnected,spiritually,The Power of Now by Eckhart Tolle
I feel disconnected.,socially,The Art of Gathering by Priya Parker
I feel disconnected today,socially,The Art of Gathering by Priya Parker
I feel disconnected recently,spiritually,The Power of Now by Eckhart Tolle
I feel disconnected today,spiritually,The Power of Now by Eckhart Tolle
I feel disconnected recently,socially,How to Win Friends and Influence People by Dale Carnegie
I feel disconnected.,socially,How to Win Friends and Influence People by Dale Carnegie
I feel disconnected recently,socially,The Art of Gathering by Priya Parker
I feel disconnected lately,spiritually,The Power of Now by Eckhart Tolle
I feel disconnected.,spiritually,Reclaim Your Heart by Yasmin Mogahed
I feel disconnected,socially,The Art of Gathering by Priya Parker
I feel disconnected recently,socially,The Art of Gathering by Priya Parker
I feel disconnected today,spiritually,Reclaim Your Heart by Yasmin Mogahed
I feel disconnected today,socially,The Art of Gathering by Priya Parker
I feel disconnected.,socially,How to Win Friends and Influence People by Dale Carnegie
I feel disconnected today,socially,The Art of Gathering by Priya Parker
I feel disconnected today,spiritually,Reclaim Your Heart by Yasmin Mogahed
I feel disconnected.,spiritually,Reclaim Your Heart by Yasmin Mogahed
I feel disconnected lately,spiritually,The Power of Now by Eckhart Tolle
I feel disconnected,socially,The Art of Gathering by Priya Parker
I feel disconnected lately,spiritually,The Power of Now by Eckhart Tolle
I feel disconnected recently,spiritually,The Power of Now by Eckhart Tolle
I feel disconnected lately,socially,How to Win Friends and Influence People by Dale Carnegie
I feel disconnected today,socially,The Art of Gathering by Priya Parker
I feel disconnected lately,spiritually,Reclaim Your Heart by Yasmin Mogahed
I feel disconnected today,spiritually,The Power of Now by Eckhart Tolle
I feel disconnected recently,socially,How to Win Friends and Influence People by Dale Carnegie
I feel disconnected today,socially,How to Win Friends and Influence People by Dale Carnegie
I feel disconnected right now,spiritually,The Power of Now by Eckhart Tolle
I feel disconnected recently,socially,The Art of Gathering by Priya Parker
I feel disconnected lately,socially,The Art of Gathering by Priya Parker
I feel disconnected,socially,The Art of Gathering by Priya Parker
I feel disconnected recently,spiritually,Reclaim Your Heart by Yasmin Mogahed
I feel disconnected recently,socially,How to Win Friends and Influence People by Dale Carnegie
I feel disconnected.,spiritually,Reclaim Your Heart by Yasmin Mogahed
I feel disconnected.,socially,How to Win Friends and Influence People by Dale Carnegie
I feel disconnected today,socially,How to Win Friends and Influence People by Dale Carnegie
I feel disconnected recently,socially,The Art of Gathering by Priya Parker
I feel disconnected recently,spiritually,The Power of Now by Eckhart Tolle
I feel disconnected lately,spiritually,Reclaim Your Heart by Yasmin Mogahed
I feel disconnected,spiritually,The Power of Now by Eckhart Tolle
I feel disconnected.,spiritually,The Power of Now by Eckhart Tolle
I feel disconnected today,socially,How to Win Friends and Influence People by Dale Carnegie
I feel disconnected right now,spiritually,The Power of Now by Eckhart Tolle
I feel disconnected right now,spiritually,The Power of Now by Eckhart Tolle
I feel disconnected today,socially,How to Win Friends and Influence People by Dale Carnegie
I feel disconnected recently,socially,How to Win Friends and Influence People by Dale Carnegie
I feel disconnected recently,socially,The Art of Gathering by Priya Parker
I feel disconnected today,spiritually,The Power of Now by Eckhart Tolle
I feel disconnected right now,socially,The Art of Gathering by Priya Parker
I feel disconnected,socially,How to Win Friends and Influence People by Dale Carnegie
I feel disconnected,spiritually,The Power of Now by Eckhart Tolle
I feel disconnected,spiritually,The Power of Now by Eckhart Tolle
I feel disconnected,spiritually,Reclaim Your Heart by Yasmin Mogahed
I feel disconnected,socially,The Art of Gathering by Priya Parker
I feel disconnected right now,socially,How to Win Friends and Influence People by Dale Carnegie
I feel disconnected today,socially,The Art of Gathering by Priya Parker
I feel disconnected right now,spiritually,The Power of Now by Eckhart Tolle
I feel disconnected today,spiritually,Reclaim Your Heart by Yasmin Mogahed
I feel disconnected today,spiritually,The Power of Now by Eckhart Tolle
I feel disconnected right now,socially,The Art of Gathering by Priya Parker
I feel disconnected right now,socially,The Art of Gathering by Priya Parker
I feel disconnected recently,spiritually,The Power of Now by Eckhart Tolle
I feel disconnected today,socially,The Art of Gathering by Priya Parker
I feel disconnected lately,spiritually,Reclaim Your Heart by Yasmin Mogahed
I feel disconnected recently,spiritually,Reclaim Your Heart by Yasmin Mogahed
I feel disconnected recently,socially,How to Win Friends and Influence People by Dale Carnegie
I feel disconnected recently,socially,The Art of Gathering by Priya Parker
I feel disconnected lately,spiritually,Reclaim Your Heart by Yasmin Mogahed
I feel disconnected today,socially,The Art of Gathering by Priya Parker
I feel disconnected right now,spiritually,The Power of Now by Eckhart Tolle
I feel disconnected,socially,How to Win Friends and Influence People by Dale Carnegie
I feel disconnected.,spiritually,Reclaim Your Heart by Yasmin Mogahed
I feel disconnected.,spiritually,Reclaim Your Heart by Yasmin Mogahed
I feel disconnected.,socially,The Art of Gathering by Priya Parker
I feel disconnected right now,socially,The Art of Gathering by Priya Parker
I feel disconnected,spiritually,Reclaim Your Heart by Yasmin Mogahed
I lack motivation.,emotionally,Healing the Shame That Binds You by John Bradshaw
I lack motivation recently,emotionally,Emotional Intelligence by Daniel Goleman
I lack motivation right now,mentally,The Subtle Art of Not Giving a F*ck by Mark Manson
I lack motivation,mentally,The Subtle Art of Not Giving a F*ck by Mark Manson
I lack motivation right now,mentally,The Subtle Art of Not Giving a F*ck by Mark Manson
I lack motivation today,mentally,Atomic Habits by James Clear
I lack motivation,mentally,Atomic Habits by James Clear
I lack motivation recently,mentally,Atomic Habits by James Clear
I lack motivation lately,emotionally,Healing the Shame That Binds You by John Bradshaw
I lack motivation today,emotionally,Healing the Shame That Binds You by John Bradshaw
I lack motivation today,emotionally,Healing the Shame That Binds You by John Bradshaw
I lack motivation lately,mentally,Atomic Habits by James Clear
I lack motivation recently,mentally,The Subtle Art of Not Giving a F*ck by Mark Manson
I lack motivation today,emotionally,Emotional Intelligence by Daniel Goleman
I lack motivation today,emotionally,Healing the Shame That Binds You by John Bradshaw
I lack motivation right now,mentally,The Subtle Art of Not Giving a F*ck by Mark Manson
I lack motivation right now,emotionally,Emotional Intelligence by Daniel Goleman
I lack motivation recently,mentally,The Subtle Art of Not Giving a F*ck by Mark Manson
I lack motivation,emotionally,Healing the Shame That Binds You by John Bradshaw
I lack motivation,mentally,Atomic Habits by James Clear
I lack motivation right now,emotionally,Emotional Intelligence by Daniel Goleman
I lack motivation,mentally,Atomic Habits by James Clear
I lack motivation recently,mentally,Atomic Habits by James Clear
I lack motivation today,mentally,Atomic Habits by James Clear
I lack motivation,mentally,Atomic Habits by James Clear
I lack motivation,emotionally,Healing the Shame That Binds You by John Bradshaw
I lack motivation lately,emotionally,Healing the Shame That Binds You by John Bradshaw
I lack motivation today,mentally,The Subtle Art of Not Giving a F*ck by Mark Manson
I lack motivation today,mentally,Atomic Habits by James Clear
I lack motivation lately,mentally,Atomic Habits by James Clear
I lack motivation right now,mentally,Atomic Habits by James Clear
I lack motivation recently,emotionally,Healing the Shame That Binds You by John Bradshaw
I lack motivation recently,mentally,The Subtle Art of Not Giving a F*ck by Mark Manson
I lack motivation.,emotionally,Healing the Shame That Binds You by John Bradshaw
I lack motivation,emotionally,Emotional Intelligence by Daniel Goleman
I lack motivation,emotionally,Emotional Intelligence by Daniel Goleman
I lack motivation recently,mentally,The Subtle Art of Not Giving a F*ck by Mark Manson
I lack motivation today,mentally,Atomic Habits by James Clear
I lack motivation,emotionally,Emotional Intelligence by Daniel Goleman
I lack motivation recently,emotionally,Healing the Shame That Binds You by John Bradshaw
I lack motivation lately,mentally,Atomic Habits by James Clear
I lack motivation,mentally,The Subtle Art of Not Giving a F*ck by Mark Manson
I lack motivation.,emotionally,Healing the Shame That Binds You by John Bradshaw
I lack motivation recently,emotionally,Emotional Intelligence by Daniel Goleman
I lack motivation right now,emotionally,Healing the Shame That Binds You by John Bradshaw
I lack motivation recently,mentally,Atomic Habits by James Clear
I lack motivation,emotionally,Healing the Shame That Binds You by John Bradshaw
I lack motivation.,emotionally,Emotional Intelligence by Daniel Goleman
I lack motivation lately,mentally,The Subtle Art of Not Giving a F*ck by Mark Manson
I lack motivation right now,mentally,Atomic Habits by James Clear
I lack motivation lately,emotionally,Healing the Shame That Binds You by John Bradshaw
I lack motivation.,mentally,Atomic Habits by James Clear
I lack motivation today,mentally,Atomic Habits by James Clear
I lack motivation recently,emotionally,Healing the Shame That Binds You by John Bradshaw
I lack motivation,mentally,Atomic Habits by James Clear
I lack motivation recently,emotionally,Healing the Shame That Binds You by John Bradshaw
I lack motivation right now,mentally,The Subtle Art of Not Giving a F*ck by Mark Manson
I lack motivation today,emotionally,Emotional Intelligence by Daniel Goleman
I lack motivation lately,mentally,Atomic Habits by James Clear
I lack motivation.,mentally,Atomic Habits by James Clear
I lack motivation recently,mentally,Atomic Habits by James Clear
I lack motivation lately,mentally,The Subtle Art of Not Giving a F*ck by Mark Manson
I lack motivation lately,mentally,The Subtle Art of Not Giving a F*ck by Mark Manson
I lack motivation,emotionally,Healing the Shame That Binds You by John Bradshaw
I lack motivation lately,emotionally,Emotional Intelligence by Daniel Goleman
I lack motivation today,mentally,The Subtle Art of Not Giving a F*ck by Mark Manson
I lack motivation lately,emotionally,Healing the Shame That Binds You by John Bradshaw
I lack motivation,emotionally,Healing the Shame That Binds You by John Bradshaw
I lack motivation lately,emotionally,Healing the Shame That Binds You by John Bradshaw
I lack motivation.,mentally,The Subtle Art of Not Giving a F*ck by Mark Manson
I lack motivation.,emotionally,Emotional Intelligence by Daniel Goleman
I lack motivation today,emotionally,Emotional Intelligence by Daniel Goleman
I lack motivation today,emotionally,Healing the Shame That Binds You by John Bradshaw
I lack motivation today,emotionally,Emotional Intelligence by Daniel Goleman
I lack motivation.,mentally,Atomic Habits by James Clear
I lack motivation lately,emotionally,Healing the Shame That Binds You by John Bradshaw
I lack motivation recently,emotionally,Emotional Intelligence by Daniel Goleman
I lack motivation right now,mentally,Atomic Habits by James Clear
I lack motivation right now,emotionally,Healing the Shame That Binds You by John Bradshaw
I lack motivation right now,emotionally,Emotional Intelligence by Daniel Goleman
I lack motivation,emotionally,Healing the Shame That Binds You by John Bradshaw
I lack motivation,mentally,The Subtle Art of Not Giving a F*ck by Mark Manson
I lack motivation recently,mentally,Atomic Habits by James Clear
I lack motivation,mentally,Atomic Habits by James Clear
I lack motivation lately,emotionally,Emotional Intelligence by Daniel Goleman
I lack motivation right now,mentally,The Subtle Art of Not Giving a F*ck by Mark Manson
I lack motivation today,mentally,Atomic Habits by James Clear
I lack motivation today,emotionally,Healing the Shame That Binds You by John Bradshaw
I lack motivation right now,mentally,Atomic Habits by James Clear
I lack motivation.,emotionally,Healing the Shame That Binds You by John Bradshaw
I lack motivation recently,emotionally,Healing the Shame That Binds You by John Bradshaw
I lack motivation today,mentally,Atomic Habits by James Clear
I lack motivation lately,emotionally,Emotional Intelligence by Daniel Goleman
I lack motivation recently,emotionally,Healing the Shame That Binds You by John Bradshaw
I lack motivation,emotionally,Emotional Intelligence by Daniel Goleman
I lack motivation lately,emotionally,Emotional Intelligence by Daniel Goleman
I lack motivation.,mentally,The Subtle Art of Not Giving a F*ck by Mark Manson
I lack motivation today,mentally,The Subtle Art of Not Giving a F*ck by Mark Manson
I lack motivation today,mentally,Atomic Habits by James Clear
I lack motivation,mentally,Atomic Habits by James Clear
